Symbol,Name,Last Sale,Net Change,% Change,Market Cap,Country,IPO Year,Volume,Sector,Industry
AAMC,Altisource Asset Management Corp Com,$16.81,-0.37,-2.154%,34432242.00,United States,,4039,Finance,Investment Managers
AAU,Almaden Minerals Ltd. Common Shares,$0.5539,0.0149,2.764%,76006938.00,Canada,2015,659591,,
ACU,Acme United Corporation. Common Stock,$42.66,-0.43,-0.998%,148607262.00,United States,1988,23286,Consumer Durables,Home Furnishings
ACY,AeroCentury Corp. Common Stock,$9.75,0.52,5.634%,15072369.00,United States,,222817,Technology,Diversified Commercial Services
ADRA,Adara Acquisition Corp. Class A Common Stock,$9.74,0.00,0.00%,140012500.00,United States,2021,7,,
AE,Adams Resources & Energy Inc. Common Stock,$27.00,0.00,0.00%,114777405.00,United States,,3372,Energy,Oilfield Services/Equipment
AEF,Aberdeen Emerging Markets Equity Income Fund Inc. Common Stock,$8.88,0.025,0.282%,450675789.00,United States,,30313,,
AGE,AgeX Therapeutics Inc. Common Stock,$1.25,-0.02,-1.575%,47418860.00,,2018,115013,Health Care,Major Pharmaceuticals
AIM,AIM ImmunoTech Inc. Common Stock,$2.08,-0.03,-1.422%,82555225.00,United States,,1105814,Health Care,Biotechnology: Biological Products (No Diagnostic Substances)
AINC,Ashford Inc. (Holding Company) Common Stock,$20.08,2.77,16.002%,59528465.00,United States,2014,93595,Finance,Investment Managers
AIRI,Air Industries Group Common Stock,$1.2476,0.0376,3.107%,39970044.00,United States,,164554,Capital Goods,Military/Government/Technical
AMBO,Ambow Education Holding Ltd. American Depository Shares each representing two Class A ordinary shares,$2.25,-0.06,-2.597%,52253258.00,China,,775246,Miscellaneous,Service to the Health Industry
AMPE,Ampio Pharmaceuticals Inc.,$1.83,0.03,1.667%,358111104.00,United States,,1209525,Health Care,Major Pharmaceuticals
AMS,American Shared Hospital Services Common Stock,$2.63,0.09,3.543%,15256630.00,United States,,477716,Health Care,Medical Specialities
ANVS,Annovis Bio Inc. Common Stock,$44.60,-4.13,-8.475%,309848197.00,United States,2020,822476,Consumer Durables,Specialty Chemicals
APT,Alpha Pro Tech Ltd. Common Stock,$8.34,0.07,0.846%,111190973.00,Canada,,155552,,
ARMP,Armata Pharmaceuticals Inc. Common Stock,$4.06,-0.13,-3.103%,101258195.00,United States,,1081,Health Care,Biotechnology: Biological Products (No Diagnostic Substances)
ASM,Avino Silver & Gold Mines Ltd. Common Shares (Canada),$1.30,0.00,0.00%,131128457.00,Canada,,826952,,
ASXC,Asensus Surgical Inc. Common Stock,$2.41,-0.08,-3.213%,562062171.00,United States,,14006814,Health Care,Medical/Dental Instruments
ATNM,Actinium Pharmaceuticals Inc. (Delaware) Common Stock,$7.53,0.09,1.21%,152067364.00,United States,,152698,Health Care,Major Pharmaceuticals
AUMN,Golden Minerals Company Common Stock,$0.7128,-0.0122,-1.683%,115808339.00,United States,,841174,,
AWX,Avalon Holdings Corporation Common Stock,$4.10,-0.02,-0.485%,15987667.00,United States,,61988,Public Utilities,Environmental Services
AXU,Alexco Resource Corp Common Shares (Canada),$3.03,0.03,1.00%,431677355.00,Canada,,429033,,
BATL,Battalion Oil Corporation Common Stock,$12.40,-0.25,-1.976%,201718203.00,,,9669,Energy,Oil & Gas Production
BCV,Bancroft Fund Ltd.,$30.9462,-0.1262,-0.406%,170754509.00,United States,,8106,,
BCV^A,Bancroft Fund Limited 5.375% Series A Cumulative Preferred Shares,$25.75,0.034,0.132%,,United States,,200,,
BDL,Flanigan's Enterprises Inc. Common Stock,$25.30,-7.50,-22.866%,47023769.00,United States,,89409,,
BDR,Blonder Tongue Laboratories Inc. Common Stock,$1.25,0.0636,5.361%,14950631.00,United States,,732939,Capital Goods,Industrial Machinery/Components
BGI,Birks Group Inc. Common Stock,$3.29,0.30,10.033%,59124198.00,Canada,,1205391,,
BHB,Bar Harbor Bankshares Inc. Common Stock,$30.45,0.30,0.995%,455997885.00,United States,,62011,Finance,Major Banks
BKTI,BK Technologies Corporation Common Stock,$3.83,0.06,1.592%,48014684.00,United States,,4364,Technology,Radio And Television Broadcasting And Communications Equipment
BMTX,BM Technologies Inc. Common Stock,$12.33,-0.17,-1.36%,150430661.00,,2018,34142,Technology,EDP Services
BRBS,Blue Ridge Bankshares Inc. Common Stock,$17.43,-0.14,-0.797%,324593121.00,,,32997,Finance,Commercial Banks
BRG,Bluerock Residential Growth REIT Inc. Class A Common Stock,$9.66,-0.11,-1.126%,273303946.00,,2014,384494,Consumer Services,Real Estate Investment Trusts
BRG^C,Bluerock Residential Growth REIT Inc. 7.625% Series C Cumulative Redeemable Preferred Stock,$25.64,0.1101,0.431%,,,,5344,,
BRG^D,Bluerock Residential Growth REIT Inc. 7.125% Series D Cumulative Preferred Stock ($0.01 par value per share),$25.365,-0.005,-0.02%,,,,4709,,
BRN,Barnwell Industries Inc. Common Stock,$3.45,0.20,6.154%,28556202.00,United States,,1164541,Energy,Oil & Gas Production
BTG,B2Gold Corp Common shares (Canada),$5.07,-0.04,-0.783%,5333380056.00,Canada,,7219652,,
BTN,Ballantyne Strong Inc. Common Stock,$5.39,0.24,4.66%,98645322.00,United States,,36662,Miscellaneous,Industrial Machinery/Components
BTX,Brooklyn ImmunoTherapeutics Inc. Common Stock,$14.49,0.81,5.921%,602244088.00,United States,,7039385,,
BWL/A,Bowl America Inc.,$10.50,0.10,0.962%,,United States,,1782,,
CANF,Can-Fite Biopharma Ltd Sponsored ADR (Israel),$2.09,-0.05,-2.336%,35930325.00,Israel,,535047,Health Care,Major Pharmaceuticals
CCF,Chase Corporation Common Stock,$104.43,-1.45,-1.369%,986693384.00,United States,,22724,Basic Industries,Paints/Coatings
CDOR,Condor Hospitality Trust Inc. Common Stock,$4.22,0.0494,1.184%,50753729.00,United States,,46103,Consumer Services,Real Estate Investment Trusts
CEI,Camber Energy Inc. Common Stock,$0.66,0.0513,8.428%,27753515.00,United States,,14658000,Energy,Oil & Gas Production
CET,Central Securities Corporation Common Stock,$41.73,0.15,0.361%,1095012017.00,United States,,17111,,
CEV,Eaton Vance California Municipal Income Trust Shares of Beneficial Interest,$13.59,0.00,0.00%,96945284.00,United States,1999,23570,,
CHAQ,Chardan Healthcare Acquisition 2 Corp. Common Stock,$10.12,0.00,0.00%,109076447.00,,2020,144,,
CHFW,Consonance-HFW Acquisition Corp. Class A Ordinary Shares,$9.87,-0.02,-0.202%,117788580.00,,2021,5476,,
CIK,Credit Suisse Asset Management Income Fund Inc. Common Stock,$3.48,-0.04,-1.136%,182021153.00,United States,,957369,,
CIX,CompX International Inc. Common Stock,$22.80,0.05,0.22%,282746380.00,United States,1998,11701,Miscellaneous,Diversified Manufacture
CKX,CKX Lands Inc. Common Stock,$12.50,-0.23,-1.807%,24281188.00,United States,,947,Energy,Oil & Gas Production
CLM,Cornerstone Strategic Value Fund Inc. New Common Stock,$11.25,0.13,1.169%,873814894.00,United States,1987,1007076,,
CMCL,Caledonia Mining Corporation Plc Common Shares,$14.60,-0.27,-1.816%,176934816.00,Canada,,39023,Basic Industries,Precious Metals
CMT,Core Molding Technologies Inc Common Stock,$13.36,-0.379,-2.759%,113352613.00,United States,,5703,Consumer Durables,Electronic Components
COHN,Cohen & Company Inc.,$23.52,1.16,5.188%,31211910.00,United States,,11401,Finance,Investment Managers
CPHI,China Pharma Holdings Inc. Common Stock,$0.5946,0.0196,3.409%,25912405.00,China,,1149822,Health Care,Major Pharmaceuticals
CQP,Cheniere Energy Partners LP Cheniere Energy Partners LP Common Units,$41.22,0.62,1.527%,19951350690.00,United States,2007,241379,Public Utilities,Oil/Gas Transmission
CRF,Cornerstone Total Return Fund Inc. (The) Common Stock,$11.03,0.11,1.007%,452710996.00,United States,,655993,,
CTEK,CynergisTek Inc. Common Stock,$1.67,0.00,0.00%,20241566.00,United States,2017,10407,Technology,Retail: Computer Software & Peripheral Equipment
CVM,Cel-Sci Corporation Common Stock,$23.59,1.99,9.213%,964986529.00,United States,,994173,Health Care,Biotechnology: Biological Products (No Diagnostic Substances)
CVR,Chicago Rivet & Machine Co. Common Stock,$26.25,-0.55,-2.052%,25360965.00,United States,,2483,Consumer Non-Durables,Industrial Specialties
CVU,CPI Aerostructures Inc. Common Stock,$4.03,0.11,2.806%,49288057.00,United States,,59196,Capital Goods,Military/Government/Technical
DHY,Credit Suisse High Yield Bond Fund Common Stock,$2.50,0.00,0.00%,258768505.00,United States,1998,468680,,
DIT,AMCON Distributing Company Common Stock,$132.6444,-3.3556,-2.467%,73136010.00,United States,,1937,Consumer Non-Durables,Food Distributors
DLA,Delta Apparel Inc. Common Stock,$31.76,0.05,0.158%,221515202.00,United States,,9675,Consumer Non-Durables,Department/Specialty Retail Stores
DMF,BNY Mellon Municipal Income Inc. Common Stock,$9.31,-0.03,-0.321%,193189929.00,United States,1988,43042,,
DNN,Denison Mines Corp Ordinary Shares (Canada),$1.32,0.16,13.793%,1062475169.00,Canada,,28198212,,
DPW,Ault Global Holdings Inc. Common Stock,$2.85,0.21,7.955%,141857433.00,United States,,5780114,Capital Goods,Industrial Machinery/Components
DSS,Document Security Systems Inc. Common Stock,$2.79,0.05,1.825%,77199649.00,United States,,361129,Consumer Services,Recreational Products/Toys
DXF,Dunxin Financial Holdings Limited American Depositary Shares,$1.74,-0.04,-2.247%,36329785.00,China,,155239,Consumer Non-Durables,Apparel
DXR,Daxor Corporation Common Stock,$9.787,0.177,1.842%,39479554.00,United States,,4300,Health Care,Medical/Dental Instruments
EAD,Wells Fargo Income Opportunities Fund Common Shares,$8.68,0.03,0.347%,525888338.00,United States,2003,69862,,
ECF,Ellsworth Growth and Income Fund Ltd.,$14.29,0.18,1.276%,192907255.00,United States,1986,23219,,
ECF^A,Ellsworth Growth and Income Fund Ltd. 5.25% Series A Cumulative Preferred Shares (Liquidation Preference $25.00 per share),$26.08,0.05,0.192%,,United States,,2000,,
EIM,Eaton Vance Municipal Bond Fund Common Shares of Beneficial Interest $.01 par value,$13.60,0.03,0.221%,978563302.00,United States,2002,72289,,
ELA,Envela Corporation Common Stock,$4.40,-0.03,-0.677%,118467276.00,United States,,39739,Consumer Services,Consumer Specialties
ELLO,Ellomay Capital Ltd Ordinary Shares (Israel),$29.80,-0.01,-0.034%,382614925.00,Israel,,4383,Public Utilities,Electric Utilities: Central
ELMD,Electromed Inc. Common Stock,$9.64,0.31,3.323%,83264729.00,United States,2011,75788,Health Care,Biotechnology: Electromedical & Electrotherapeutic Apparatus
EMAN,eMagin Corporation Common Stock,$2.66,0.19,7.692%,192240666.00,United States,,761170,Capital Goods,Industrial Machinery/Components
EMX,EMX Royalty Corporation Common Shares (Canada),$3.48,0.12,3.571%,298048595.00,Canada,,75159,,
ENSV,Enservco Corporation Common Stock,$1.32,0.05,3.937%,15091198.00,United States,,537035,Energy,Oilfield Services/Equipment
ENX,Eaton Vance New York Municipal Bond Fund Common Shares of Beneficial Interest $.01 par value,$12.62,0.03,0.238%,228652870.00,United States,2002,43428,,
EPM,Evolution Petroleum Corporation Inc. Common Stock,$3.63,0.01,0.276%,121632051.00,United States,,141005,Energy,Oil & Gas Production
EQX,Equinox Gold Corp. Common Shares,$9.21,-0.14,-1.497%,2752643198.00,Canada,,918733,,
ERC,Wells Fargo Multi-Sector Income Fund Common Stock no par value,$12.83,-0.13,-1.003%,360934689.00,United States,2003,77019,,
ERH,Wells Fargo Utilities and High Income Fund,$14.00,0.00,0.00%,129813740.00,,2004,21957,,
ESP,Espey Mfg. & Electronics Corp. Common Stock,$14.845,0.095,0.644%,40120587.00,United States,,1485,Capital Goods,Industrial Machinery/Components
EVBN,Evans Bancorp Inc. Common Stock,$38.13,1.58,4.323%,207183321.00,United States,,16586,Finance,Major Banks
EVI,EVI Industries Inc.  Common Stock,$30.68,-0.52,-1.667%,376080748.00,United States,,13376,Capital Goods,Industrial Machinery/Components
EVM,Eaton Vance California Municipal Bond Fund Common Shares of Beneficial Interest $.01 par value,$11.92,0.03,0.252%,297932521.00,United States,2002,75301,,
EVV,Eaton Vance Limited Duration Income Fund Common Shares of Beneficial Interest,$12.92,0.00,0.00%,1500619473.00,United States,2003,264873,,
EVY,Eaton Vance New York Municipal Income Trust Shares of Beneficial Interest,$14.90,0.04,0.269%,80487237.00,United States,1999,7825,,
EXN,Excellon Resources Inc. Common Shares,$2.89,-0.10,-3.344%,93585754.00,,2020,107197,,
FAX,Aberdeen Asia-Pacific Income Fund Inc Common Stock,$4.30,0.00,0.00%,1065091802.00,United States,1986,387247,,
FCO,Aberdeen Global Income Fund Inc. Common Stock,$8.98,0.10,1.126%,78452082.00,United States,1992,27387,,
FEN,First Trust Energy Income and Growth Fund,$14.33,0.01,0.07%,278655018.00,United States,2004,36745,,
FRD,Friedman Industries Inc. Common Stock,$13.14,-0.13,-0.98%,90742856.00,United States,,130796,Basic Industries,Steel/Iron Ore
FSI,Flexible Solutions International Inc. Common Stock (CDA),$3.28,0.07,2.181%,40395647.00,Canada,,9676,Capital Goods,Recreational Products/Toys
FSP,Franklin Street Properties Corp. Common Stock,$5.17,0.02,0.388%,554886789.00,United States,,744276,Consumer Services,Real Estate Investment Trusts
FTF,Franklin Limited Duration Income Trust Common Shares of Beneficial Interest,$9.20,-0.09,-0.969%,277277282.00,United States,2003,170506,,
FTSI,FTS International Inc. Class A Common Stock,$25.99,0.40,1.563%,363599320.00,United States,2020,36470,Energy,Oilfield Services/Equipment
FURY,Fury Gold Mines Limited Common Shares,$1.44,0.02,1.408%,169820256.00,,2020,174391,,
GAU,Galiano Gold Inc.,$1.31,0.01,0.769%,294321789.00,Canada,,441107,,
GBR,New Concept Energy Inc Common Stock,$4.56,0.54,13.433%,23401619.00,United States,,1588215,Consumer Services,Real Estate
GDP,Goodrich Petroleum Corporation Common Stock,$11.11,0.05,0.452%,148899453.00,United States,2017,23536,Energy,Oil & Gas Production
GGN,GAMCO Global Gold Natural Resources & Income Trust,$4.04,0.00,0.00%,622079745.00,United States,2005,577215,,
GGN^B,GAMCO Global Gold Natural Reources & Income Trust 5.00% Series B Cumulative 25.00 Liquidation Preference,$25.54,0.08,0.314%,,United States,,1066,,
GGO,The Gabelli Go Anywhere Trust Common Shares of Beneficial Interest,$16.42,0.0301,0.184%,25400952.00,,2016,11020,,
GGO^A,The Gabelli Go Anywhere Trust Series A Cumulative Puttable and Callable Preferred Shares,$40.65,-0.0399,-0.098%,,,,1159,,
GLDG,GoldMining Inc. Common Shares,$1.78,-0.03,-1.657%,266130256.00,,,385780,,
GLO,Clough Global Opportunities Fund Common Stock,$12.01,-0.01,-0.083%,387015188.00,United States,2006,156953,,
GLQ,Clough Global Equity Fund Clough Global Equity Fund Common Shares of Beneficial Interest,$15.00,0.11,0.739%,198462435.00,United States,2005,71980,,
GLU,Gabelli Global Utility Common Shares of Beneficial Ownership,$22.0291,0.0691,0.315%,118375087.00,United States,2004,17581,,
GLU^A,The Gabelli Global Utility and Income Trust Series A Cumulative Puttable and Callable Preferred Shares,$45.5965,-0.2935,-0.64%,,United States,,280,,
GLU^B,The Gabelli Global Utility and Income Trust Series B Cumulative Puttable and Callable Preferred Shares,$52.075,0.00,0.00%,,United States,,50,,
GLV,Clough Global Dividend and Income Fund Common Shares of beneficial interest,$11.28,0.00,0.00%,95004153.00,United States,2004,58686,,
GOED,1847 Goedeker Inc. Commom Stock,$6.07,1.75,40.509%,37094984.00,United States,2020,7091577,Capital Goods,Recreational Products/Toys
GORO,Gold Resource Corporation Common Stock,$2.78,0.01,0.361%,206940990.00,United States,,545076,Basic Industries,Precious Metals
GPL,Great Panther Mining Limited Ordinary Shares (Canada),$0.7018,-0.0261,-3.586%,249419565.00,Canada,,5766062,,
GRF,Eagle Capital Growth Fund Inc. Common Stock,$9.20,0.00,0.00%,37483753.00,United States,,120,,
GROY,Gold Royalty Corp. Common Shares,$4.9999,0.1199,2.457%,208102573.00,,2021,66340,,
GSAT,Globalstar Inc. Common Stock,$1.59,0.13,8.904%,2849280000.00,United States,2006,21975589,Consumer Services,Telecommunications Equipment
GSS,Golden Star Resources Ltd Common Stock,$3.33,-0.11,-3.198%,381925902.00,United States,,485719,,
GSV,Gold Standard Ventures Corporation Common Stock (Canada),$0.6029,-0.0034,-0.561%,215522404.00,Canada,,771210,,
GTE,Gran Tierra Energy Inc. Common Stock,$0.6174,0.0034,0.554%,226574413.00,Canada,,3369725,Energy,Oil & Gas Production
HLM^,Hillman Group Capital Trust Preferred Stock,$26.9146,0.1376,0.514%,,United States,,3479,,
HMG,HMG/Courtland Properties Inc. Common Stock,$11.7987,0.00,0.00%,11884217.00,United States,,21,Consumer Services,Real Estate Investment Trusts
HNW,Pioneer Diversified High Income Fund Inc.,$15.05,0.00,0.00%,125408490.00,United States,2007,92816,,
HUSA,Houston American Energy Corporation Common Stock,$1.65,0.14,9.272%,16373508.00,United States,,602825,Energy,Oil & Gas Production
HWM^,Howmet Aerospace Inc. $3.75 Preferred Stock,$78.64,-0.25,-0.317%,,United States,,415,,
IAF,Aberdeen Australia Equity Fund Inc Common Stock,$6.41,0.04,0.628%,149379223.00,United States,,35093,,
IBIO,iBio Inc. Common Stock,$1.50,-0.05,-3.226%,326775516.00,United States,,4359632,Health Care,Major Pharmaceuticals
ID,PARTS iD Inc. Class A Common Stock,$5.91,0.07,1.199%,196055125.00,United States,2017,16881,Miscellaneous,Diversified Commercial Services
IGC,India Globalization Capital Inc. Common Stock,$1.40,0.04,2.941%,63512852.00,United States,,724640,Technology,Engineering & Construction
IHT,InnSuites Hospitality Trust Shares of Beneficial Interest,$6.68,-1.29,-16.186%,59158441.00,United States,,2063078,Consumer Services,Real Estate Investment Trusts
IMH,Impac Mortgage Holdings Inc. Common Stock ,$1.97,0.00,0.00%,42025387.00,United States,1997,69926,Finance,Finance: Consumer Services
IMO,Imperial Oil Limited Common Stock,$33.22,0.61,1.871%,24386029801.00,Canada,,469708,,
INDO,Indonesia Energy Corporation Limited Ordinary Shares,$5.37,0.02,0.374%,39888118.00,,2019,16514,Energy,Oil & Gas Production
INFU,InfuSystems Holdings Inc. Common Stock,$18.94,-0.19,-0.993%,387679015.00,United States,,74734,Health Care,Medical/Dental Instruments
INS,Intelligent Systems Corporation Common Stock,$33.76,-1.60,-4.525%,299868136.00,United States,1992,143413,Technology,Retail: Computer Software & Peripheral Equipment
INTT,inTest Corporation Common Stock,$13.95,0.22,1.602%,149922477.00,United States,1997,72444,Technology,Semiconductors
INUV,Inuvo Inc.,$0.7447,0.0392,5.556%,88260686.00,United States,,1626000,Technology,Advertising
IOR,Income Opportunity Realty Investors Inc. Common Stock,$11.9871,0.00,0.00%,49967195.00,United States,,15,Finance,Diversified Financial Services
ISDR,Issuer Direct Corporation Common Stock,$25.6343,-0.5667,-2.163%,96538133.00,United States,,11655,Technology,EDP Services
ISR,IsoRay Inc. Common Stock (DE),$0.7813,-0.015,-1.884%,110526812.00,United States,,805067,Health Care,Medical/Dental Instruments
ITP,IT Tech Packaging Inc. Common Stock,$0.4775,-0.0119,-2.432%,47296327.00,China,,6098423,Basic Industries,Paper
ITRG,Integra Resources Corp. Common Shares,$3.21,0.0201,0.63%,175949801.00,,,96738,,
JOB,GEE Group Inc. Common Stock,$0.5376,0.0176,3.385%,61017845.00,United States,,2968074,Technology,Diversified Commercial Services
KIQ,Kelso Technologies Inc Ordinary Shares,$0.6782,0.0343,5.327%,36805972.00,Canada,,1408384,,
KLR,Kaleyra Inc. Common Stock,$12.42,-0.22,-1.741%,388837113.00,United States,2018,81935,Technology,Internet and Information Services
LCTX,Lineage Cell Therapeutics Inc. Common Stock,$2.39,0.04,1.702%,358455419.00,United States,,427780,Health Care,Biotechnology: Biological Products (No Diagnostic Substances)
LEU,Centrus Energy Corp. Class A Common Stock,$23.23,0.39,1.708%,321787419.00,United States,2014,74097,,
LGL,LGL Group Inc. (The) Common Stock,$10.92,-0.089,-0.808%,57572468.00,United States,,11626,Capital Goods,Industrial Machinery/Components
LNG,Cheniere Energy Inc. Common Stock,$84.18,-0.32,-0.379%,21342772524.00,United States,,3233880,Public Utilities,Oil/Gas Transmission
LODE,Comstock Mining Inc. Common Stock,$3.93,0.15,3.968%,166850174.00,United States,,1461150,Finance,Real Estate
LOV,Spark Networks Inc. American Depositary Shares (each representing one-tenth of an Ordinary Share),$5.56,0.41,7.961%,144876308.00,United States,2017,80516,Miscellaneous,Other Consumer Services
LSF,Laird Superfood Inc. Common Stock,$32.95,-0.51,-1.524%,296250287.00,,2020,59185,Consumer Non-Durables,Specialty Foods
LXFR,Luxfer Holdings PLC Ordinary Shares,$22.94,0.55,2.456%,657223315.00,United Kingdom,2012,120930,Capital Goods,Metal Fabrications
MAG,MAG Silver Corporation Ordinary Shares,$21.25,0.42,2.016%,2015348810.00,Canada,,436843,,
MCF,Contango Oil & Gas Company Common Stock (TX),$4.49,0.21,4.907%,901083153.00,United States,,1738510,Energy,Oil & Gas Production
MHH,Mastech Digital Inc Common Stock,$16.12,0.17,1.066%,184268558.00,United States,,20359,Consumer Services,Professional Services
MLSS,Milestone Scientific Inc. Common Stock,$2.17,0.07,3.333%,144858773.00,United States,2015,311592,Health Care,Industrial Specialties
MMX,Maverix Metals Inc. Common Shares,$5.70,-0.03,-0.524%,804935669.00,,,184888,,
MSN,Emerson Radio Corporation Common Stock,$1.18,0.09,8.257%,24830329.00,United States,,642575,Consumer Non-Durables,Consumer Electronics/Appliances
MTA,Metalla Royalty & Streaming Ltd. Common Shares,$10.65,0.40,3.902%,450526822.00,,,183280,,
MTNB,Matinas Biopharma Holdings Inc. Common Stock,$0.78,0.0012,0.154%,159341498.00,United States,2017,1281823,Health Care,Major Pharmaceuticals
MXC,Mexco Energy Corporation Common Stock,$8.27,0.41,5.216%,17132678.00,United States,,105075,Energy,Oil & Gas Production
MYO,Myomo Inc. Common Stock,$9.55,0.07,0.738%,53518420.00,United States,2017,50068,Health Care,Industrial Specialties
NAK,Northern Dynasty Minerals Ltd. Common Stock,$0.5694,0.0241,4.42%,292045373.00,Canada,,5106495,,
NAVB,Navidea Biopharmaceuticals Inc. Common Stock,$1.68,0.01,0.599%,48762692.00,United States,,57221,Health Care,Biotechnology: In Vitro & In Vivo Diagnostic Substances
NBA,New Beginnings Acquisition Corp. Common Stock,$10.00,0.05,0.503%,149200000.00,,2020,57916,,
NBH,Neuberger Berman Municipal Fund Inc. Common Stock,$15.91,-0.18,-1.119%,299395907.00,United States,2002,27625,,
NBO,Neuberger Berman New York Municipal Fund Inc. Common Stock,$13.01,0.05,0.386%,66057195.00,United States,2002,6946,,
NBW,Neuberger Berman California Municipal Fund Inc Common Stock,$14.32,-0.18,-1.241%,79490950.00,United States,2002,12025,,
NBY,NovaBay Pharmaceuticals Inc. Common Stock,$0.7024,0.0262,3.875%,29460471.00,United States,2007,544965,Health Care,Major Pharmaceuticals
NEN,New England Realty Associates Limited Partnership Class A Depositary Receipts Evidencing Units of Limited Partnership,$61.53,1.07,1.77%,224750385.00,United States,,2046,Consumer Services,Building operators
NES,Nuverra Environmental Solutions Inc. Common Stock,$2.1272,0.1272,6.36%,34035370.00,United States,2017,11172,Public Utilities,Water Supply
NEWP,New Pacific Metals Corp. Common Shares,$5.83,-0.28,-4.583%,896866480.00,,2021,232353,,
NG,Novagold Resources Inc.,$10.20,-0.06,-0.585%,3379578077.00,Canada,,696880,,
NGD,New Gold Inc.,$2.09,-0.01,-0.476%,1422663000.00,Canada,,3703298,,
NHC,National HealthCare Corporation Common Stock,$73.52,0.45,0.616%,1131703653.00,United States,,32329,Health Care,Hospital/Nursing Management
NHS,Neuberger Berman High Yield Strategies Fund,$13.28,0.13,0.989%,259498969.00,United States,,18829,,
NML,Neuberger Berman MLP and Energy Income Fund Inc. Common Stock,$4.82,-0.01,-0.207%,273096033.00,,2013,109189,,
NNVC,NanoViricides Inc. Common Stock,$3.65,0.13,3.693%,41993250.00,United States,,55498,Health Care,Major Pharmaceuticals
NOG,Northern Oil and Gas Inc. Common Stock,$18.14,0.59,3.362%,1095709785.00,United States,,1203970,Energy,Oil & Gas Production
NRO,Neuberger Berman Real Estate Securities Income Fund Inc. Neuberger Berman Real Estate Securities Income Fund Inc.,$4.87,0.00,0.00%,230937353.00,United States,2003,209553,,
NTIP,Network-1 Technologies Inc. Common Stock,$3.35,0.08,2.446%,80792382.00,United States,,761,Capital Goods,Telecommunications Equipment
NXE,Nexgen Energy Ltd. Common Shares,$4.71,0.23,5.134%,2216921258.00,,,1667750,,
OGEN,Oragenics Inc. Common Stock,$0.6751,0.0159,2.412%,78067393.00,United States,,2017522,Health Care,Major Pharmaceuticals
ORLA,Orla Mining Ltd. Common Shares,$4.62,0.095,2.099%,1098114056.00,,2020,184131,,
PCG^A,Pacific Gas & Electric Co. 6% Preferred Stock,$28.77,-0.032,-0.111%,,United States,,2200,,
PCG^B,Pacific Gas & Electric Co. 5 1/2% Preferred Stock,$26.55,-0.3501,-1.301%,,United States,,220,,
PCG^C,Pacific Gas & Electric Co. 5% 1st Preferred Stock,$25.524,0.00,0.00%,,United States,,113,,
PCG^D,Pacific Gas & Electric Co. 5% 1st  Red. Preferred Stock,$24.8901,-0.1799,-0.718%,,United States,,101,,
PCG^E,Pacific Gas & Electric Co. 5% 1st A Preferred Stock,$25.00,0.01,0.04%,,United States,,2386,,
PCG^H,Pacific Gas & Electric Co. 4.50% 1st Preferred Stock,$22.39,0.8799,4.091%,,United States,,3686,,
PED,Pedevco Corp. Common Stock,$1.40,0.07,5.263%,111246244.00,United States,,210033,,
PHGE,BiomX Inc. COmmon Stock,$6.21,0.09,1.471%,151068925.00,,2019,14614,Health Care,Major Pharmaceuticals
PLAG,Planet Green Holdings Corp. Common Stock,$1.74,-0.08,-4.396%,41777278.00,China,,497368,,
PLG,Platinum Group Metals Ltd. Ordinary Shares (Canada),$4.23,0.13,3.171%,312841976.00,Canada,,597375,,
PLM,Polymet Mining Corporation Ordinary Shares (Canada),$2.99,0.06,2.048%,301623187.00,Canada,,111429,,
PLX,Protalix BioTherapeutics Inc. (DE) Common Stock,$2.90,-0.04,-1.361%,131610210.00,Israel,,377500,Health Care,Biotechnology: Biological Products (No Diagnostic Substances)
PLYM^A,Plymouth Industrial REIT Inc. 7.50% Series A Cumulative Redeemable Preferred Stock,$27.05,0.049,0.181%,,United States,,1098,,
PRK,Park National Corporation Common Stock,$126.61,3.16,2.56%,2068888937.00,United States,,46141,Finance,Major Banks
PTK,PTK Acquisition Corp. Common Stock,$9.90,-0.03,-0.302%,142312500.00,United States,2020,26502,,
PTN,Palatin Technologies Inc. Common Stock,$0.55,0.0174,3.267%,126527330.00,United States,,1178751,Health Care,Major Pharmaceuticals
PW,Power REIT (MD) Common Stock,$44.00,1.00,2.326%,145179452.00,United States,,16672,Consumer Services,Real Estate Investment Trusts
PW^A,Power REIT 7.75% Series A Cumulative Perpetual Preferred Stock,$26.07,0.00,0.00%,,United States,,1,,
PZG,Paramount Gold Nevada Corp. Common Stock,$1.06,0.01,0.952%,39958205.00,United States,2015,104952,Basic Industries,Precious Metals
RCG,RENN Fund Inc Common Stock,$2.72,0.07,2.642%,16189320.00,United States,,3995,,
REI,Ring Energy Inc. Common Stock,$2.22,0.06,2.778%,220392580.00,United States,,1700516,Energy,Oil & Gas Production
REPX,Riley Exploration Permian Inc. Common Stock,$34.85,-0.95,-2.654%,628050007.00,United States,,7559,Energy,Oil & Gas Production
RHE,Regional Health Properties Inc. Common Stock,$12.88,-0.44,-3.303%,21744261.00,,2017,1065938,Health Care,Hospital/Nursing Management
RHE^A,Regional Health Properties Inc. 10.875% Series A Cumulative Redeemable Preferred Stock,$4.88,0.08,1.667%,,,,1609,,
RLGT,Radiant Logistics Inc. Common Stock,$7.67,-0.11,-1.414%,384416366.00,United States,,185300,Transportation,Oil Refining/Marketing
RMED,Ra Medical Systems Inc. Common Stock,$3.28,0.03,0.923%,16700589.00,,2018,1369303,Health Care,Medical/Dental Instruments
RVP,Retractable Technologies Inc. Common Stock,$8.84,-0.24,-2.643%,300596279.00,United States,,375698,Health Care,Medical/Dental Instruments
SACC,Sachem Capital Corp. 6.875% Notes due 2024,$25.3499,0.0199,0.079%,0.00,United States,2019,2649,Consumer Services,Real Estate Investment Trusts
SACH,Sachem Capital Corp. Common Shares,$5.14,-0.03,-0.58%,126280677.00,United States,2017,157776,Consumer Services,Real Estate Investment Trusts
SCCB,Sachem Capital Corp. 7.125% Notes due 2024,$25.60,-0.14,-0.544%,0.00,United States,2019,695,Consumer Services,Real Estate Investment Trusts
SCCC,Sachem Capital Corp. 7.75% Notes due 2025,$25.91,-0.07,-0.269%,0.00,United States,2020,706,Consumer Services,Real Estate Investment Trusts
SDPI,Superior Drilling Products Inc. Common Stock,$0.7856,-0.0013,-0.165%,20238896.00,,2014,645381,Energy,Metal Fabrications
SEB,Seaboard Corporation Common Stock,$3603.90,-4.10,-0.114%,4183331438.00,United States,1996,684,,
SENS,Senseonics Holdings Inc. Common Stock,$2.07,0.10,5.076%,886109446.00,United States,,15868622,Health Care,Medical Specialities
SIF,SIFCO Industries Inc. Common Stock,$11.37,0.16,1.427%,68096397.00,United States,,6085,Capital Goods,Office Equipment/Supplies/Services
SILV,SilverCrest Metals Inc. Common Shares,$9.78,0.16,1.663%,1412798888.00,,2018,803395,Capital Goods,Industrial Machinery/Components
SIM,Grupo Simec S.A.B. de C.V. American Depositary Shares,$22.13,-0.47,-2.08%,3413769905.00,Mexico,1993,1335,Basic Industries,Steel/Iron Ore
SMTS,Sierra Metals Inc. Common Stock,$3.57,0.05,1.42%,583438496.00,,,309732,,
SNMP,Evolve Transition Infrastructure LP Common Stock,$0.85,0.0449,5.577%,47757571.00,United States,,3182552,Energy,Oil & Gas Production
SSY,SunLink Health Systems Inc. Common Stock,$3.00,0.07,2.389%,20760159.00,United States,,435360,Health Care,Medical/Nursing Services
STXS,Stereotaxis Inc. Common Stock,$7.51,-0.30,-3.841%,556595907.00,United States,,431563,Health Care,Biotechnology: Electromedical & Electrotherapeutic Apparatus
SVM,Silvercorp Metals Inc. Common Shares,$6.46,0.00,0.00%,1136199077.00,,,685882,,
SVT,Servotronics Inc. Common Stock,$7.90,0.06,0.765%,19580205.00,United States,,1274,Consumer Durables,Metal Fabrications
SYN,Synthetic Biologics Inc. Common Stock,$0.5147,0.0011,0.214%,67962294.00,United States,,1749538,Health Care,Major Pharmaceuticals
TGB,Taseko Mines Ltd. Common Stock,$2.49,0.13,5.508%,705140670.00,Canada,,2599793,,
THM,International Tower Hill Mines Ltd. Ordinary Shares (Canada),$1.18,0.03,2.609%,229991657.00,Canada,,108980,,
TKAT,Takung Art Co. Ltd. Common Stock,$17.71,-1.60,-8.286%,206540732.00,,,1527394,Consumer Services,Catalog/Specialty Distribution
TMBR,Timber Pharmaceuticals Inc. Common Stock,$1.29,0.08,6.612%,47527528.00,United States,2015,1375582,Consumer Durables,Specialty Chemicals
TMP,Tompkins Financial Corporation Common Stock,$81.71,1.69,2.112%,1217890573.00,United States,,31447,Finance,Major Banks
TMQ,Trilogy Metals Inc. Common Stock,$2.79,0.19,7.308%,402576839.00,Canada,,304955,,
TPHS,Trinity Place Holdings Inc. Common Stock,$1.85,-0.08,-4.145%,60042801.00,,,20182,Consumer Services,Real Estate
TRT,Trio-Tech International Common Stock,$5.21,0.01,0.192%,20387017.00,United States,,159402,Technology,Industrial Machinery/Components
TRX,Tanzanian Gold Corporation Common Stock,$0.514,-0.0011,-0.214%,131003466.00,Canada,,884558,,
UAMY,United States Antimony Corporation Common Stock,$0.8351,0.0101,1.224%,88535593.00,United States,,1354520,,
UAVS,AgEagle Aerial Systems Inc. Common Stock,$5.12,-0.22,-4.12%,350316165.00,United States,,2306078,,
UEC,Uranium Energy Corp. Common Stock,$3.29,0.24,7.869%,765946088.00,Canada,,7716645,Basic Industries,Other Metals and Minerals
UFAB,Unique Fabricating Inc. Common Stock,$3.46,-0.11,-3.081%,33835849.00,United States,2015,6371,Capital Goods,Auto Parts:O.E.M.
URG,Ur Energy Inc Common Shares (Canada),$1.48,0.07,4.965%,280295868.00,Canada,,2917381,,
USAS,Americas Gold and Silver Corporation Common Shares no par value,$1.68,0.00,0.00%,223593638.00,,2017,919983,,
UTG,Reaves Utility Income Fund Common Shares of Beneficial Interest,$34.89,0.09,0.259%,1943266237.00,United States,2004,162192,,
UUU,Universal Security Instruments Inc. Common Stock,$6.00,0.14,2.389%,13877322.00,United States,,93130,Miscellaneous,Diversified Manufacture
UUUU,Energy Fuels Inc Ordinary Shares (Canada),$6.81,0.43,6.74%,976797219.00,,,6689843,,
VCF,Delaware Investments Colorado Municipal Income Fund Inc  Common Stock,$14.78,0.1435,0.98%,71492338.00,United States,1993,3083,,
VFL,Delaware Investments National Municipal Income Fund Common Stock,$13.80,0.015,0.109%,62492513.00,United States,1993,2608,,
VGZ,Vista Gold Corp Common Stock,$1.16,0.07,6.422%,120812751.00,United States,,671981,,
VHAQ,Viveon Health Acquisition Corp. Common Stock,$9.88,0.01,0.101%,248543750.00,,2021,3410,,
VKI,Invesco Advantage Municipal Income Trust II Common Shares of Beneficial Interest (DE),$12.17,0.02,0.165%,540245176.00,United States,,94282,,
VMM,Delaware Investments Minnesota Municipal Income Fund II Inc. Common Stock,$13.70,0.05,0.366%,157618158.00,United States,1993,12659,,
VNRX,VolitionRX Limited Common Stock,$3.63,0.01,0.276%,192000548.00,Singapore,2015,112546,Health Care,Biotechnology: Biological Products (No Diagnostic Substances)
VOLT,Volt Information Sciences Inc. Common Stock,$3.60,-0.02,-0.552%,78251670.00,United States,,74252,Technology,Diversified Commercial Services
WLMS,Williams Industrial Services Group Inc. Common Stock,$5.01,0.08,1.623%,129738965.00,,2021,78999,Capital Goods,Oilfield Services/Equipment
WRN,Western Copper and Gold Corporation Common Stock,$2.64,0.42,18.919%,358505756.00,Canada,2011,3721908,,
WTT,Wireless Telecom Group  Inc. Common Stock,$1.70,0.06,3.659%,36822541.00,United States,,51449,Capital Goods,Telecommunications Equipment
WWR,Westwater Resources Inc. Common Stock,$4.27,0.11,2.644%,138076065.00,United States,,1214197,Basic Industries,Other Metals and Minerals
WYY,WidePoint Corporation Common Stock,$6.78,-0.28,-3.966%,61503767.00,United States,,80598,Technology,EDP Services
XPL,Solitario Zinc Corp. Common Stock,$0.683,0.0183,2.753%,39907086.00,United States,,854644,,
XTNT,Xtant Medical Holdings Inc. Common Stock,$1.45,-0.04,-2.685%,125725565.00,United States,,99604,Health Care,Medical Specialities
XXII,22nd Century Group Inc. Common Stock,$5.05,0.24,4.99%,769843023.00,United States,,3787902,,
YCBD,cbdMD Inc. Common Stock,$3.05,0.13,4.452%,173790723.00,United States,2017,327029,Health Care,Major Pharmaceuticals
YCBD^A,cbdMD Inc. 8.0% Series A Cumulative Convertible Preferred Stock,$8.89,0.0119,0.134%,,United States,,11009,,
ZDGE,Zedge Inc. Class B Common Stock ,$12.20,0.04,0.329%,165086752.00,,2016,224723,Technology,Computer Software: Prepackaged Software
ZOM,Zomedica Corp. Common Shares,$0.8469,0.0489,6.128%,825177086.00,United States,2017,42215428,,
